-- [Smart-CS Pro] 战术系统全量分页测试数据脚本 (V3.0)
-- 包含：20+ 部门、20+ 员工、20+ 违规记录、20+ 客户画像、20+ 通知

USE smart_cs;

-- 1. 批量注入测试部门 (ID 10-30)
INSERT IGNORE INTO departments (id, name) VALUES 
(10, '市场拓展部'), (11, '战略投资部'), (12, '品牌公关部'), (13, '人力资源部'),
(14, '财务结算中心'), (15, '法务合规部'), (16, '行政保障部'), (17, '产品研发部'),
(18, '视觉设计组'), (19, '前端开发组'), (20, '后端架构组'), (21, '测试验证组'),
(22, '运维监控组'), (23, '大数据分析组'), (24, '人工智能实验室'), (25, '客户成功部'),
(26, '海外事业部'), (27, '供应链管理部'), (28, '仓储物流中心'), (29, '售后技术支持'),
(30, '风险控制中心');

-- 2. 批量注入测试操作员 (ID 10-30)
-- 密码均为: admin123 (5e884898da28047151d0e56f8dc6292773603d0d6aabbdd62a11ef721d1542d8)
-- 均匀分布在不同部门，覆盖坐席(1)与主管(2)角色
INSERT IGNORE INTO users (id, username, password_hash, salt, real_name, role_id, department_id, tactical_score) VALUES 
(10, 'agent_10', '5e884898da28047151d0e56f8dc6292773603d0d6aabbdd62a11ef721d1542d8', 'salt123', '张一一', 1, 10, 95),
(11, 'agent_11', '5e884898da28047151d0e56f8dc6292773603d0d6aabbdd62a11ef721d1542d8', 'salt123', '李二二', 1, 11, 88),
(12, 'mgr_12', '5e884898da28047151d0e56f8dc6292773603d0d6aabbdd62a11ef721d1542d8', 'salt123', '王三三', 2, 12, 92),
(13, 'agent_13', '5e884898da28047151d0e56f8dc6292773603d0d6aabbdd62a11ef721d1542d8', 'salt123', '赵四四', 1, 13, 42), -- 高危
(14, 'agent_14', '5e884898da28047151d0e56f8dc6292773603d0d6aabbdd62a11ef721d1542d8', 'salt123', '孙五五', 1, 14, 76),
(15, 'mgr_15', '5e884898da28047151d0e56f8dc6292773603d0d6aabbdd62a11ef721d1542d8', 'salt123', '周六六', 2, 15, 98),
(16, 'agent_16', '5e884898da28047151d0e56f8dc6292773603d0d6aabbdd62a11ef721d1542d8', 'salt123', '吴七七', 1, 16, 85),
(17, 'agent_17', '5e884898da28047151d0e56f8dc6292773603d0d6aabbdd62a11ef721d1542d8', 'salt123', '郑八八', 1, 17, 55), -- 预警
(18, 'agent_18', '5e884898da28047151d0e56f8dc6292773603d0d6aabbdd62a11ef721d1542d8', 'salt123', '冯九九', 1, 18, 91),
(19, 'mgr_19', '5e884898da28047151d0e56f8dc6292773603d0d6aabbdd62a11ef721d1542d8', 'salt123', '陈十十', 2, 19, 94),
(20, 'agent_20', '5e884898da28047151d0e56f8dc6292773603d0d6aabbdd62a11ef721d1542d8', 'salt123', '楚十一', 1, 20, 82),
(21, 'agent_21', '5e884898da28047151d0e56f8dc6292773603d0d6aabbdd62a11ef721d1542d8', 'salt123', '魏十二', 1, 21, 77),
(22, 'agent_22', '5e884898da28047151d0e56f8dc6292773603d0d6aabbdd62a11ef721d1542d8', 'salt123', '蒋十三', 1, 22, 89),
(23, 'agent_23', '5e884898da28047151d0e56f8dc6292773603d0d6aabbdd62a11ef721d1542d8', 'salt123', '沈十四', 1, 23, 63),
(24, 'agent_24', '5e884898da28047151d0e56f8dc6292773603d0d6aabbdd62a11ef721d1542d8', 'salt123', '韩十五', 1, 24, 96),
(25, 'agent_25', '5e884898da28047151d0e56f8dc6292773603d0d6aabbdd62a11ef721d1542d8', 'salt123', '杨十六', 1, 25, 48), -- 高危
(26, 'agent_26', '5e884898da28047151d0e56f8dc6292773603d0d6aabbdd62a11ef721d1542d8', 'salt123', '朱十七', 1, 26, 84),
(27, 'agent_27', '5e884898da28047151d0e56f8dc6292773603d0d6aabbdd62a11ef721d1542d8', 'salt123', '秦十八', 1, 27, 72),
(28, 'agent_28', '5e884898da28047151d0e56f8dc6292773603d0d6aabbdd62a11ef721d1542d8', 'salt123', '尤十九', 1, 28, 90),
(29, 'agent_29', '5e884898da28047151d0e56f8dc6292773603d0d6aabbdd62a11ef721d1542d8', 'salt123', '许二十', 1, 29, 68),
(30, 'agent_30', '5e884898da28047151d0e56f8dc6292773603d0d6aabbdd62a11ef721d1542d8', 'salt123', '何二一', 1, 30, 93);

-- 3. 批量注入违规取证样本 (ID TEST_VIO_10-30)
INSERT IGNORE INTO violation_records (id, user_id, keyword, context, risk_score, timestamp) VALUES 
('TEST_VIO_10', 10, '加微信', '加一下微信私聊吧', 8, NOW()),
('TEST_VIO_11', 11, '转账', '直接转给我，给你打折', 10, NOW()),
('TEST_VIO_12', 13, '态度差', '没看说明书吗？别问了', 6, NOW()),
('TEST_VIO_13', 14, '私单', '我这里有更便宜的渠道', 9, NOW()),
('TEST_VIO_14', 16, '违禁词', '该内容违反平台规定', 5, NOW()),
('TEST_VIO_15', 17, '刷单', '帮忙刷个好评返现', 7, NOW()),
('TEST_VIO_16', 20, '引导', '去另一个链接拍更便宜', 8, NOW()),
('TEST_VIO_17', 21, '敏感信息', '提供一下您的身份证号', 9, NOW()),
('TEST_VIO_18', 22, '超时', '响应延迟超过 10 分钟', 4, NOW()),
('TEST_VIO_19', 23, '错话', '不建议购买这款产品', 6, NOW()),
('TEST_VIO_20', 25, '欺诈', '这是最新的中奖信息', 10, NOW()),
('TEST_VIO_21', 26, '辱骂', '你怎么这么笨？', 10, NOW()),
('TEST_VIO_22', 27, '广告', '关注我的个人公众号', 7, NOW()),
('TEST_VIO_23', 28, '泄密', '这是公司内部报价单', 9, NOW()),
('TEST_VIO_24', 29, '怠工', '我现在很忙，晚点再说', 5, NOW()),
('TEST_VIO_25', 30, '拦截', '自动规则触发拦截', 3, NOW()),
('TEST_VIO_26', 13, '二次违规', '再次引导添加联系方式', 10, NOW()),
('TEST_VIO_27', 17, '高危', '涉及财务结算异常', 9, NOW()),
('TEST_VIO_28', 25, '极端', '情绪表现极度不稳定', 10, NOW()),
('TEST_VIO_29', 10, '一般', '话术不规范提醒', 2, NOW()),
('TEST_VIO_30', 14, '警告', '触发初级风险预警', 4, NOW());

-- 4. 批量注入客户画像 (20+ 条)
INSERT IGNORE INTO customers (name, level, tags, ltv, frequency, last_seen_at) VALUES 
('测试客户_01', 'VIP', '高频, 机械', 5000.00, 10, NOW()),
('测试客户_02', 'NEW', '价格敏感', 0.00, 1, NOW()),
('测试客户_03', 'NORMAL', '电子行业', 1200.50, 5, NOW()),
('测试客户_04', 'VIP', '老客户', 8900.00, 20, NOW()),
('测试客户_05', 'NEW', '咨询中', 0.00, 2, NOW()),
('测试客户_06', 'VIP', '忠诚', 15000.00, 35, NOW()),
('测试客户_07', 'NORMAL', '华东区', 450.00, 3, NOW()),
('测试客户_08', 'NEW', '潜在', 0.00, 1, NOW()),
('测试客户_09', 'NORMAL', '制造业', 2300.00, 8, NOW()),
('测试客户_10', 'VIP', '大客户', 56000.00, 50, NOW()),
('测试客户_11', 'NORMAL', '华南区', 1100.00, 4, NOW()),
('测试客户_12', 'NEW', '已流失', 0.00, 1, NOW()),
('测试客户_13', 'VIP', '高价值', 22000.00, 15, NOW()),
('测试客户_14', 'NORMAL', '配件需求', 800.00, 6, NOW()),
('测试客户_15', 'NEW', '初次咨询', 0.00, 1, NOW()),
('测试客户_16', 'VIP', '集团采购', 120000.00, 5, NOW()),
('测试客户_17', 'NORMAL', '零散订单', 300.00, 2, NOW()),
('测试客户_18', 'NEW', '关注中', 0.00, 1, NOW()),
('测试客户_19', 'NORMAL', '技术咨询', 0.00, 12, NOW()),
('测试客户_20', 'VIP', '核心客户', 45000.00, 28, NOW());

-- 5. 批量注入系统通知 (20+ 条)
INSERT IGNORE INTO notifications (id, title, content, type, is_read, created_at) VALUES 
('N_10', '系统升级 1.0', '核心引擎已更新', 'INFO', 1, NOW()),
('N_11', '安全周报', '本周拦截 45 次', 'INFO', 0, NOW()),
('N_12', '高危预警 01', '检测到异常登录', 'ALERT', 0, NOW()),
('N_13', '规则更新', '关键词库已同步', 'INFO', 1, NOW()),
('N_14', '性能通知', 'Redis 响应延迟 5ms', 'INFO', 1, NOW()),
('N_15', '权限变动', '主管权限已重校', 'INFO', 0, NOW()),
('N_16', '系统自检', '全链路握手成功', 'INFO', 1, NOW()),
('N_17', '违规通报 01', '销售一部风险上升', 'ALERT', 0, NOW()),
('N_18', '维护公告', '凌晨 2 点例行维护', 'INFO', 0, NOW()),
('N_19', 'AI 报告', '今日自动纠偏 12 次', 'INFO', 1, NOW()),
('N_20', '风险预警 02', '节点 13 存在冲突', 'ALERT', 0, NOW()),
('N_21', '同步成功', 'MySQL 架构已对齐', 'INFO', 1, NOW()),
('N_22', '环境检查', '当前负载 12%', 'INFO', 1, NOW()),
('N_23', '战术变更', '一键锁定功能已上线', 'INFO', 0, NOW()),
('N_24', '审计提醒', '请及时复盘违规记录', 'INFO', 0, NOW()),
('N_25', '告警解除', '节点 25 状态恢复', 'INFO', 1, NOW()),
('N_26', '新功能上线', '大屏 3D 态势图', 'INFO', 0, NOW()),
('N_27', '配置同步', 'RBAC 矩阵已更新', 'INFO', 1, NOW()),
('N_28', '紧急通知', '请所有主管立即待命', 'ALERT', 0, NOW()),
('N_29', '日常提醒', '保持战术链路通畅', 'INFO', 1, NOW()),
('N_30', '系统就绪', '战术指挥台已激活', 'INFO', 1, NOW());

-- 6. 记录自检审计
INSERT INTO audit_logs (operator, action, target, details) VALUES 
('SYSTEM', 'SEED_FULL_DATA', 'PAGINATION_TEST', '注入全量分页测试数据集，涵盖所有业务模块共 100+ 记录。');